create database `10304_risky_projects`;
use `10304_risky_projects`;

create table linkedin_projects(
    id bigint,
    title text,
    budget bigint,
    start_date date,
    end_date date
);
insert into linkedin_projects values (1, 'Project1', 29498, '2018-08-31', '2019-03-13'),
(2, 'Project2', 32487, '2018-01-27', '2018-12-13'),
(3, 'Project3', 43909, '2019-11-05', '2019-12-09'),
(4, 'Project4', 15776, '2018-06-28', '2018-11-20'),
(5, 'Project5', 36268, '2019-03-13', '2020-01-02'),
(6, 'Project6', 41611, '2018-09-18', '2019-08-28'),
(7, 'Project7', 34003, '2020-05-28', '2020-10-01'),
(8, 'Project8', 49284, '2019-12-18', '2020-04-18'),
(9, 'Project9', 32341, '2018-05-24', '2019-05-11'),
(10, 'Project10', 47587, '2018-06-24', '2018-11-19'),
(11, 'Project11', 11705, '2020-03-06', '2020-11-03'),
(12, 'Project12', 10468, '2019-07-07', '2020-03-15'),
(13, 'Project13', 43238, '2018-07-04', '2019-05-18'),
(14, 'Project14', 30014, '2020-06-01', '2020-11-17'),
(15, 'Project15', 48116, '2019-06-08', '2020-05-12'),
(16, 'Project16', 19922, '2018-04-26', '2018-09-24'),
(17, 'Project17', 19061, '2018-01-30', '2018-09-29'),
(18, 'Project18', 10302, '2019-11-03', '2020-06-07'),
(19, 'Project19', 44986, '2018-07-03', '2019-02-05'),
(20, 'Project20', 19497, '2018-12-10', '2019-11-04'),
(21, 'Project21', 24330, '2018-01-07', '2019-01-01'),
(22, 'Project22', 18590, '2019-02-22', '2019-06-05'),
(23, 'Project23', 41615, '2019-07-12', '2020-02-12'),
(24, 'Project24', 11918, '2020-05-22', '2021-03-02'),
(25, 'Project25', 38909, '2018-09-07', '2019-07-26'),
(26, 'Project26', 36190, '2020-01-23', '2021-01-03'),
(27, 'Project27', 12615, '2019-06-29', '2019-08-17'),
(28, 'Project28', 43656, '2020-02-02', '2020-12-05'),
(29, 'Project29', 10935, '2018-01-19', '2018-11-01'),
(30, 'Project30', 24011, '2018-05-19', '2019-04-21'),
(31, 'Project31', 41980, '2020-04-07', '2020-05-07'),
(32, 'Project32', 12356, '2019-06-08', '2020-03-25'),
(33, 'Project33', 30110, '2019-11-27', '2020-11-25'),
(34, 'Project34', 16344, '2018-01-13', '2018-06-26'),
(35, 'Project35', 23931, '2019-07-03', '2019-11-13'),
(36, 'Project36', 4676, '2019-12-03', '2020-05-22'),
(37, 'Project37', 8806, '2018-06-28', '2019-05-14'),
(38, 'Project38', 21644, '2020-05-11', '2020-07-22'),
(39, 'Project39', 25942, '2019-04-04', '2019-09-12'),
(40, 'Project40', 42941, '2018-05-26', '2019-02-08'),
(41, 'Project41', 25387, '2019-08-21', '2020-01-14'),
(42, 'Project42', 24934, '2018-10-14', '2019-04-05'),
(43, 'Project43', 25745, '2018-10-28', '2019-02-26'),
(44, 'Project44', 22885, '2020-05-04', '2021-03-02'),
(45, 'Project45', 44531, '2018-03-26', '2018-08-02'),
(46, 'Project46', 9824, '2019-04-03', '2020-01-27'),
(47, 'Project47', 44773, '2018-11-03', '2018-12-10'),
(48, 'Project48', 41628, '2019-04-19', '2019-10-15'),
(49, 'Project49', 48774, '2019-12-02', '2020-06-27'),
(50, 'Project50', 18915, '2018-02-14', '2018-08-06'),
(51, 'Project51', 22346, '2020-02-03', '2020-04-12');
create table linkedin_emp_projects(
    emp_id bigint,
    project_id bigint
 );

 insert into linkedin_emp_projects values
(10592, 1), (10593, 2), (10594, 3), (10595, 4), (10596, 5),
(10597, 6), (10598, 7), (10599, 8), (10600, 9), (10601, 10),
(10602, 11), (10603, 12), (10604, 13), (10605, 14), (10606, 15),
(10607, 16), (10608, 17), (10609, 18), (10610, 19), (10611, 20),
(10612, 21), (10613, 22), (10614, 23), (10615, 24), (10616, 25),
(10617, 26), (10618, 27), (10619, 28), (10620, 29), (10621, 30),
(10622, 31), (10623, 32), (10624, 33), (10625, 34), (10626, 35),
(10627, 36), (10628, 37), (10629, 38), (10630, 39), (10631, 40),
(10632, 41), (10633, 42), (10634, 43), (10635, 44), (10636, 45),
(10637, 46), (10638, 47), (10639, 48), (10640, 49), (10641, 50),
(10642, 1), (10643, 2), (10644, 3), (10645, 4), (10646, 5),
(10647, 6), (10648, 7), (10649, 8), (10650, 9), (10651, 10),
(10652, 11), (10653, 12), (10654, 13), (10655, 14), (10656, 15),
(10657, 16), (10658, 17), (10659, 18), (10660, 19), (10661, 20),
(10662, 21), (10663, 22), (10664, 23), (10665, 24), (10666, 25),
(10667, 26), (10668, 27), (10669, 28), (10670, 29), (10671, 30),
(10672, 31), (10673, 32), (10674, 33), (10675, 34), (10676, 35),
(10677, 36), (10678, 37), (10679, 38), (10680, 39), (10681, 40),
(10682, 41), (10683, 42), (10684, 43), (10685, 44), (10686, 45),
(10687, 46), (10688, 47), (10689, 48), (10690, 49), (10691, 50);

create table linkedin_employees (
    emp_id bigint,
    first_name text,
    last_name text,
    salary bigint
);
insert into linkedin_employees values
(10592, 'Jennifer', 'Roberts', 20204), (10593, 'Haley', 'Ho', 33154),
(10594, 'Eric', 'Mccarthy', 32360), (10595, 'Gina', 'Martinez', 46388),
(10596, 'Jason', 'Fields', 12348), (10597, 'Joseph', 'Hernandez', 47183),
(10598, 'Catherine', 'Mccarthy', 37423), (10599, 'Kelsey', 'Miles', 34488),
(10600, 'Scott', 'Lopez', 24444), (10601, 'Gina', 'Miller', 36866),
(10602, 'Nicole', 'Jenkins', 14327), (10603, 'Christopher', 'Gordon', 41458),
(10604, 'Jonathan', 'Williams', 16778), (10605, 'Cheryl', 'Williams', 44061),
(10606, 'Bobby', 'Perry', 12711), (10607, 'Chase', 'Thomas', 15801),
(10608, 'Breanna', 'Case', 15817), (10609, 'Dalton', 'Bates', 37682),
(10610, 'Brittney', 'Barnett', 20057), (10611, 'Eric', 'Owens', 29713),
(10612, 'Kayla', 'Avery', 24511), (10613, 'Michael', 'Romero', 34639),
(10614, 'Raymond', 'Erickson', 25499), (10615, 'Russell', 'Coleman', 48305),
(10616, 'Thomas', 'Long', 26645), (10617, 'Deborah', 'Oliver', 48454),
(10618, 'David', 'Torres', 15377), (10619, 'Danny', 'Hendrix', 21015),
(10620, 'Danielle', 'Russell', 24460), (10621, 'Scott', 'Schmitt', 23536),
(10622, 'Michelle', 'Clarke', 31081), (10623, 'Diana', 'Ewing', 42134),
(10624, 'Jenna', 'Lopez', 27706), (10625, 'Christine', 'Sims', 28927),
(10626, 'Joseph', 'Gonzalez', 32867), (10627, 'Teresa', 'Huynh', 22259),
(10628, 'Adam', 'Martinez', 24392), (10629, 'Veronica', 'Miles', 32528),
(10630, 'Cheryl', 'Ruiz', 18143), (10631, 'Brooke', 'Price', 33579),
(10632, 'James', 'Fisher', 22734), (10633, 'Danny', 'Johnson', 10584),
(10634, 'Anthony', 'Davis', 34321), (10635, 'Gina', 'Lewis', 45760),
(10636, 'Diane', 'Navarro', 13004), (10637, 'Shane', 'Riley', 31635),
(10638, 'Michael', 'Chang', 13764), (10639, 'Manuel', 'Thomas', 38357),
(10640, 'Alan', 'Miller', 12724), (10641, 'Brandy', 'Ellison', 30396),
(10642, 'Joshua', 'Salinas', 48079), (10643, 'Sarah', 'Briggs', 27150),
(10644, 'Susan', 'Shaw', 46003), (10645, 'Martha', 'Pitts', 30779),
(10646, 'Laura', 'Olson', 17400), (10647, 'Theresa', 'Jenkins', 19906),
(10648, 'Tyler', 'Chen', 27190), (10649, 'Kathryn', 'Myers', 14072),
(10650, 'William', 'Ward', 21897), (10651, 'Carmen', 'Flynn', 27765),
(10652, 'Timothy', 'Hamilton', 33343), (10653, 'Kimberly', 'Delgado', 49564),
(10654, 'Nicholas', 'Fleming', 11748), (10655, 'Kayla', 'Bowman', 35362),
(10656, 'Betty', 'Martinez', 21490), (10657, 'Andrea', 'Thomas', 37075),
(10658, 'Mark', 'Nelson', 11606), (10659, 'Alexander', 'Jones', 40332),
(10660, 'Andrea', 'Matthews', 34500), (10661, 'Caitlin', 'Hickman', 32372),
(10662, 'Kristi', 'Cox', 33756), (10663, 'John', 'Garcia', 36551),
(10664, 'Amy', 'Cohen', 41625), (10665, 'Jose', 'Lewis', 47655),
(10666, 'Joseph', 'Morales', 39071), (10667, 'Kara', 'Cummings', 35272),
(10668, 'Dylan', 'Duncan', 26727), (10669, 'Jessica', 'Williams', 28660),
(10670, 'Jamie', 'Raymond', 37272), (10671, 'Brandon', 'Sims', 33982),
(10672, 'Cindy', 'Foster', 49457), (10673, 'Christine', 'Hall', 41305),
(10674, 'Carl', 'Martinez', 22465), (10675, 'Robert', 'Mcclain', 22489),
(10676, 'Donna', 'Rice', 45764), (10677, 'Michael', 'Paul', 31643),
(10678, 'Sandra', 'Keller', 46268), (10679, 'Bonnie', 'Stone', 45015),
(10680, 'Lynn', 'Hughes', 39954), (10681, 'Amanda', 'Flores', 24684),
(10682, 'Laura', 'Lewis', 12495), (10683, 'David', 'Clark', 49126),
(10684, 'James', 'Burnett', 16873), (10685, 'Elizabeth', 'Rivers', 13789),
(10686, 'Roy', 'Valencia', 41813), (10687, 'Angela', 'Smith', 20019),
(10688, 'Patrick', 'Gonzalez', 11482), (10689, 'Gabrielle', 'Velez', 36584),
(10690, 'Catherine', 'Luna', 39237), (10691, 'Jacob', 'Osborne', 19412);



with cte as(
select a.id, a.title, a.budget,timestampdiff(day, a.start_date, a.end_date)*(c.salary/365)  as emp_total_sal, b.emp_id, c.first_name
from linkedin_projects a join linkedin_emp_projects b on a.id=b.project_id 
join linkedin_employees c on b.emp_id=c.emp_id
)
select  title, max(budget) as budget, ceil(sum(emp_total_sal)) as prorated_employee_expense 
from cte group by 1
having prorated_employee_expense>budget
;